1998;8;1;11/2/20;17:08;29.00
1998;8;1;11/2/20;17:13;28.75
2244;6;1;11/2/20;17:18;28.25
2244;6;1;11/2/20;17:23;28.00
1998;8;1;11/2/20;17:28;27.75
2004;5;1;11/2/20;17:33;27.50
1905;3;1;11/2/20;17:38;27.25
1905;3;1;11/2/20;17:43;27.00
1968;5;1;11/2/20;17:48;26.75
1968;5;1;11/2/20;17:53;26.75
2073;7;1;11/2/20;17:58;26.50
2073;7;1;11/2/20;18:03;26.50
2127;10;0;11/2/20;18:08;26.25
2127;10;0;11/2/20;18:13;26.25
2010;2;0;11/2/20;18:18;26.00
2010;2;0;11/2/20;18:23;26.00
2073;10;0;11/2/20;18:28;26.00
2073;10;0;11/2/20;18:33;26.00
2031;16;3;11/2/20;18:38;26.00
2031;16;3;11/2/20;18:43;25.75
2034;4;1;11/2/20;18:48;25.75
2034;4;1;11/2/20;18:53;25.50
1947;5;1;11/2/20;18:58;25.50
1947;5;1;11/2/20;19:03;25.50
2070;11;1;11/2/20;19:09;25.50
2070;11;1;11/2/20;19:14;25.25
1893;4;0;11/2/20;19:19;25.50
1932;4;0;11/2/20;19:24;25.25
1764;11;1;11/2/20;19:29;25.25
1764;11;1;11/2/20;19:34;25.25
1584;6;1;11/2/20;19:39;25.00
1653;7;1;11/2/20;19:44;25.00
1686;8;1;11/2/20;19:49;25.00
1686;8;1;11/2/20;19:54;25.00
1617;11;0;11/2/20;19:59;24.75
1584;11;0;11/2/20;20:04;24.75
1491;4;1;11/2/20;20:09;24.75
1491;4;1;11/2/20;20:14;24.75
1455;8;1;11/2/20;20:19;24.75
1500;6;1;11/2/20;20:24;24.75
1461;2;0;11/2/20;20:29;24.75
1488;3;0;11/2/20;20:34;24.50
1419;3;1;11/2/20;20:39;24.50
1419;3;1;11/2/20;20:44;24.50
1302;5;0;11/2/20;20:49;24.50
1302;5;0;11/2/20;20:54;24.50
1425;6;1;11/2/20;20:59;24.50
1425;6;1;11/2/20;21:04;24.25
1494;8;1;11/2/20;21:09;24.25
1494;8;1;11/2/20;21:14;24.25
1452;2;1;11/2/20;21:19;24.25
1464;2;1;11/2/20;21:24;24.25
1539;6;0;11/2/20;21:29;24.25
1539;6;0;11/2/20;21:34;24.00
1188;5;3;11/2/20;21:39;24.25
1188;5;3;11/2/20;21:44;24.00
1326;1;0;11/2/20;21:49;24.00
1269;2;0;11/2/20;21:54;24.00
1311;2;0;11/2/20;21:59;24.00
1317;3;0;11/2/20;22:04;24.00
1215;1;0;11/2/20;22:09;23.75
1215;1;0;11/2/20;22:14;23.75
1296;7;1;11/2/20;22:19;23.75
1290;7;1;11/2/20;22:24;23.75
1206;2;0;11/2/20;22:29;23.75
1206;2;0;11/2/20;22:34;23.75
1371;1;0;11/2/20;22:39;23.75
1371;1;0;11/2/20;22:44;23.75
1323;1;0;11/2/20;22:49;23.50
1323;1;0;11/2/20;22:54;23.50
1278;4;1;11/2/20;22:59;23.50
1278;4;1;11/2/20;23:04;23.50
1161;7;0;11/2/20;23:09;23.50
1161;7;0;11/2/20;23:14;23.50
1146;8;1;11/2/20;23:19;23.50
1140;9;1;11/2/20;23:24;23.50
1320;8;1;11/2/20;23:29;23.25
1314;9;1;11/2/20;23:34;23.25
1095;7;0;11/2/20;23:39;23.25
1143;7;0;11/2/20;23:44;23.25
1287;9;0;11/2/20;23:49;23.25
1287;9;0;11/2/20;23:54;23.25
1290;3;1;11/2/20;23:59;23.25
1290;3;1;12/2/20;0:04;23.00
1557;6;2;12/2/20;0:09;23.00
1557;6;2;12/2/20;0:14;23.00
1395;5;1;12/2/20;0:19;23.00
1395;5;1;12/2/20;0:24;22.75
1395;6;0;12/2/20;0:29;23.00
1395;6;0;12/2/20;0:34;23.00
1635;9;1;12/2/20;0:39;22.75
1635;9;1;12/2/20;0:44;22.75
1662;2;1;12/2/20;0:49;22.75
1662;2;1;12/2/20;0:54;22.75
1560;5;0;12/2/20;0:59;22.75
1560;5;0;12/2/20;1:04;22.75
1554;15;2;12/2/20;1:09;22.75
1554;15;2;12/2/20;1:14;22.75
1584;8;2;12/2/20;1:19;22.75
1653;8;2;12/2/20;1:24;22.75
1434;9;0;12/2/20;1:29;22.50
1434;9;0;12/2/20;1:34;22.50
1434;10;2;12/2/20;1:39;22.50
1434;10;2;12/2/20;1:44;22.75
1497;1;0;12/2/20;1:49;22.50
1497;1;0;12/2/20;1:54;22.50
1401;10;0;12/2/20;1:59;22.50
1401;10;0;12/2/20;2:04;22.50
1419;3;0;12/2/20;2:09;22.50
1476;4;0;12/2/20;2:14;22.50
1611;11;1;12/2/20;2:19;22.25
1719;11;1;12/2/20;2:24;22.50
1644;15;2;12/2/20;2:29;22.25
1644;15;2;12/2/20;2:34;22.50
1353;5;1;12/2/20;2:39;22.25
1353;5;1;12/2/20;2:44;22.50
1569;13;0;12/2/20;2:49;22.25
1590;13;0;12/2/20;2:54;22.25
1728;13;4;12/2/20;2:59;22.25
1728;13;4;12/2/20;3:04;22.25
1422;9;2;12/2/20;3:09;22.25
1422;9;2;12/2/20;3:14;22.25
1506;10;1;12/2/20;3:19;22.25
1506;10;1;12/2/20;3:24;22.25
1581;7;2;12/2/20;3:29;22.25
1581;7;2;12/2/20;3:34;22.25
1668;3;0;12/2/20;3:39;22.25
1668;3;0;12/2/20;3:44;22.25
1653;10;2;12/2/20;3:49;22.25
1653;10;2;12/2/20;3:54;22.25
1584;12;0;12/2/20;3:59;22.25
1584;12;0;12/2/20;4:04;22.00
1773;9;0;12/2/20;4:09;22.00
1773;9;0;12/2/20;4:14;22.25
1542;5;1;12/2/20;4:20;22.00
1542;5;1;12/2/20;4:25;22.00
1566;10;2;12/2/20;4:30;22.00
1566;10;2;12/2/20;4:35;22.00
1590;9;1;12/2/20;4:40;22.00
1590;9;1;12/2/20;4:45;22.00
1494;11;0;12/2/20;4:50;22.00
1494;11;0;12/2/20;4:55;22.00
1572;13;2;12/2/20;5:00;22.00
1521;11;1;12/2/20;5:05;22.00
1512;6;3;12/2/20;5:10;22.00
1512;6;3;12/2/20;5:15;22.00
1440;7;3;12/2/20;5:20;22.00
1425;7;3;12/2/20;5:25;21.75
1512;6;2;12/2/20;5:30;22.00
1512;6;2;12/2/20;5:35;21.75
1473;12;0;12/2/20;5:40;22.00
1473;12;0;12/2/20;5:45;21.75
1419;7;3;12/2/20;5:50;21.75
1419;7;3;12/2/20;5:55;21.75
1560;5;1;12/2/20;6:00;21.75
1614;6;1;12/2/20;6:05;21.75
1689;13;2;12/2/20;6:10;21.75
1689;13;2;12/2/20;6:15;22.00
1380;2;0;12/2/20;6:20;21.75
1380;2;0;12/2/20;6:25;21.75
1695;9;1;12/2/20;6:30;21.75
1647;10;1;12/2/20;6:35;21.75
1455;8;1;12/2/20;6:40;21.75
1416;9;1;12/2/20;6:45;21.75
1422;4;0;12/2/20;6:50;21.75
1422;4;0;12/2/20;6:55;21.75
1638;6;3;12/2/20;7:00;21.75
1617;5;3;12/2/20;7:05;21.75
1560;13;2;12/2/20;7:10;21.75
1530;11;2;12/2/20;7:15;21.75
1494;15;3;12/2/20;7:20;21.75
1494;15;3;12/2/20;7:25;21.75
1671;9;2;12/2/20;7:30;21.50
1671;9;2;12/2/20;7:35;21.50
1590;17;2;12/2/20;7:40;21.75
1548;15;1;12/2/20;7:45;21.50
1809;14;3;12/2/20;7:50;21.50
1809;14;3;12/2/20;7:55;21.50
1797;19;1;12/2/20;8:00;21.50
1797;19;1;12/2/20;8:05;21.50
1662;17;0;12/2/20;8:10;21.50
1662;17;0;12/2/20;8:15;21.50
1677;22;2;12/2/20;8:20;21.50
1713;19;2;12/2/20;8:25;21.50
1800;8;1;12/2/20;8:30;21.50
1797;8;1;12/2/20;8:35;21.50
1740;11;1;12/2/20;8:40;21.25
1740;11;1;12/2/20;8:45;21.50
1746;8;2;12/2/20;8:50;21.25
1746;8;2;12/2/20;8:55;21.25
1608;19;2;12/2/20;9:00;21.50
1671;18;2;12/2/20;9:05;21.25
1800;18;2;12/2/20;9:10;21.25
1800;18;2;12/2/20;9:15;21.25
1779;12;3;12/2/20;9:20;21.25
1779;12;3;12/2/20;9:25;21.25
1875;12;2;12/2/20;9:30;21.25
1875;12;2;12/2/20;9:35;21.25
1725;10;0;12/2/20;9:40;21.25
1725;10;0;12/2/20;9:45;21.25
1788;12;2;12/2/20;9:50;21.25
1788;12;2;12/2/20;9:55;21.25
1773;21;1;12/2/20;10:00;21.25
1773;21;1;12/2/20;10:05;21.25
1734;18;1;12/2/20;10:10;21.25
1734;18;1;12/2/20;10:15;21.25
1836;19;3;12/2/20;10:20;21.25
1809;18;3;12/2/20;10:25;21.25
1650;11;0;12/2/20;10:30;21.25
1650;11;0;12/2/20;10:35;21.00
1746;15;3;12/2/20;10:40;21.00
1746;15;3;12/2/20;10:45;21.25
1638;13;2;12/2/20;10:50;21.25
1638;13;2;12/2/20;10:55;21.25
1473;11;2;12/2/20;11:00;21.25
1473;11;2;12/2/20;11:05;21.25
1656;8;1;12/2/20;11:10;21.25
1656;8;1;12/2/20;11:15;21.25
1776;18;4;12/2/20;11:20;21.25
1740;19;5;12/2/20;11:25;22.00
1716;7;1;12/2/20;11:30;22.75
1716;7;1;12/2/20;11:35;23.50
1740;11;1;12/2/20;11:40;24.00
1740;11;1;12/2/20;11:45;24.25
1818;21;1;12/2/20;11:50;24.75
1839;20;1;12/2/20;11:55;25.25
1503;17;4;12/2/20;12:00;25.50
1590;17;4;12/2/20;12:05;26.00
1578;9;3;12/2/20;12:10;26.25
1578;9;3;12/2/20;12:15;26.75
1767;10;1;12/2/20;12:20;26.75
1761;9;1;12/2/20;12:25;27.00
1545;8;3;12/2/20;12:30;27.25
1545;8;3;12/2/20;12:35;27.50
1716;6;0;12/2/20;12:40;27.75
1737;7;0;12/2/20;12:45;28.00
1527;9;1;12/2/20;12:50;28.00
1527;9;1;12/2/20;12:55;28.25
1680;1;1;12/2/20;13:00;28.25
1680;1;1;12/2/20;13:05;28.50
1605;14;1;12/2/20;13:10;28.50
1605;14;1;12/2/20;13:15;28.75
1782;11;0;12/2/20;13:20;29.00
1695;11;0;12/2/20;13:25;29.00
1755;4;2;12/2/20;13:30;29.00
1755;4;2;12/2/20;13:35;29.00
1452;5;0;12/2/20;13:40;29.00
1452;5;0;12/2/20;13:45;29.25
1683;7;1;12/2/20;13:50;29.25
1683;7;1;12/2/20;13:55;29.25
1704;6;1;12/2/20;14:00;29.50
1674;6;1;12/2/20;14:05;29.50
1779;8;1;12/2/20;14:10;29.50
1815;9;1;12/2/20;14:15;29.75
1782;11;0;12/2/20;14:20;30.00
1740;12;0;12/2/20;14:25;30.00
1641;3;0;12/2/20;14:31;30.00
1671;2;0;12/2/20;14:36;30.25
1779;5;0;12/2/20;14:41;30.25
1779;5;0;12/2/20;14:46;30.25
1752;15;2;12/2/20;14:51;30.25
1752;15;2;12/2/20;14:56;30.25
1665;4;0;12/2/20;15:01;30.25
1665;4;0;12/2/20;15:06;29.50
1812;7;0;12/2/20;15:11;29.00
1812;7;0;12/2/20;15:16;28.50
1830;9;0;12/2/20;15:21;28.25
1830;9;0;12/2/20;15:26;27.75
1572;11;1;12/2/20;15:31;27.50
1599;10;1;12/2/20;15:36;27.25
1671;8;1;12/2/20;15:41;27.25
1671;8;1;12/2/20;15:46;26.75
1650;8;1;12/2/20;15:51;26.75
1650;8;1;12/2/20;15:56;26.50
1647;13;0;12/2/20;16:01;26.25
1677;10;0;12/2/20;16:06;26.25
1635;6;1;12/2/20;16:11;26.00
1635;6;1;12/2/20;16:16;26.00
1638;9;5;12/2/20;16:21;25.75
1638;9;5;12/2/20;16:26;25.75
1533;14;2;12/2/20;16:31;25.75
1464;15;2;12/2/20;16:36;25.50
1857;8;6;12/2/20;16:41;25.50
1857;9;6;12/2/20;16:46;25.50
1566;6;0;12/2/20;16:51;25.25
1566;6;0;12/2/20;16:56;25.25
1461;5;1;12/2/20;17:01;25.25
1461;5;1;12/2/20;17:06;25.00
1842;7;1;12/2/20;17:11;25.00
1842;7;1;12/2/20;17:16;25.00
1716;15;2;12/2/20;17:21;25.00
1695;15;2;12/2/20;17:26;25.00
1452;2;0;12/2/20;17:31;25.00
1368;2;0;12/2/20;17:36;25.00
1569;11;0;12/2/20;17:41;24.75
1569;11;0;12/2/20;17:46;24.75
1440;9;0;12/2/20;17:51;24.75
1440;9;0;12/2/20;17:56;24.50
1569;5;1;12/2/20;18:01;24.50
1587;4;0;12/2/20;18:06;24.50
1464;10;0;12/2/20;18:11;24.50
1434;10;0;12/2/20;18:16;24.50
1488;5;1;12/2/20;18:21;24.50
1476;8;1;12/2/20;18:26;24.50
1437;8;0;12/2/20;18:31;24.50
1437;8;0;12/2/20;18:36;24.50
1332;7;0;12/2/20;18:41;24.50
1353;6;0;12/2/20;18:46;24.50
1572;7;0;12/2/20;18:51;24.25
1572;7;0;12/2/20;18:56;24.25
1530;6;2;12/2/20;19:01;24.25
1614;6;2;12/2/20;19:06;24.25
1329;6;0;12/2/20;19:11;24.25
1329;6;0;12/2/20;19:16;24.25
1452;9;0;12/2/20;19:21;24.25
1455;9;0;12/2/20;19:26;24.25
1296;8;2;12/2/20;19:31;24.25
1296;8;2;12/2/20;19:36;24.00
1545;8;0;12/2/20;19:41;24.00
1545;8;0;12/2/20;19:46;24.00
1425;10;1;12/2/20;19:51;24.00
1425;10;1;12/2/20;19:56;24.00
1491;9;0;12/2/20;20:01;24.00
1491;10;0;12/2/20;20:06;23.75
1524;8;0;12/2/20;20:11;23.75
1524;8;0;12/2/20;20:16;23.75
1473;4;0;12/2/20;20:21;23.50
1437;4;0;12/2/20;20:26;23.75
1497;4;0;12/2/20;20:31;23.75
1497;4;0;12/2/20;20:36;23.50
1590;8;1;12/2/20;20:41;23.50
1590;8;1;12/2/20;20:46;23.50
1485;8;1;12/2/20;20:51;23.50
1485;8;1;12/2/20;20:56;23.50
1617;19;6;12/2/20;21:01;23.50
1590;17;6;12/2/20;21:06;23.50
1509;9;3;12/2/20;21:11;23.25
1509;9;3;12/2/20;21:16;23.50
1587;9;3;12/2/20;21:21;23.25
1587;9;3;12/2/20;21:26;23.25
1329;6;0;12/2/20;21:31;23.25
1329;6;0;12/2/20;21:36;23.25
1563;6;1;12/2/20;21:41;23.25
1563;6;1;12/2/20;21:46;23.25
1539;16;1;12/2/20;21:51;23.25
1539;16;1;12/2/20;21:56;23.00
1491;11;0;12/2/20;22:01;23.25
1491;11;0;12/2/20;22:06;23.25
1494;9;1;12/2/20;22:11;23.25
1494;9;1;12/2/20;22:16;23.00
1545;11;1;12/2/20;22:21;23.25
1530;11;1;12/2/20;22:26;23.00
1584;9;2;12/2/20;22:31;23.00
1584;9;2;12/2/20;22:36;23.00
1413;7;0;12/2/20;22:41;23.00
1413;7;0;12/2/20;22:46;22.75
1668;17;1;12/2/20;22:51;23.00
1596;17;1;12/2/20;22:56;23.00
1602;12;0;12/2/20;23:01;22.75
1659;10;0;12/2/20;23:06;22.75
1851;15;2;12/2/20;23:11;22.75
1851;15;2;12/2/20;23:16;22.75
1638;17;1;12/2/20;23:21;22.75
1629;16;1;12/2/20;23:26;22.75
1749;11;0;12/2/20;23:31;22.75
1749;11;0;12/2/20;23:36;22.75
1758;13;1;12/2/20;23:41;22.75
1758;13;1;12/2/20;23:46;22.75
1602;10;1;12/2/20;23:51;22.50
1602;10;1;12/2/20;23:56;22.75
1653;10;2;13/2/20;0:02;22.75
1653;10;2;13/2/20;0:07;22.50
1572;11;0;13/2/20;0:12;22.75
1662;10;0;13/2/20;0:17;22.50
1794;11;0;13/2/20;0:22;22.50
1755;12;0;13/2/20;0:27;22.50
1656;12;1;13/2/20;0:32;22.50
1656;12;1;13/2/20;0:37;22.50
1401;6;1;13/2/20;0:42;22.50
1401;6;1;13/2/20;0:47;22.75
1584;9;1;13/2/20;0:52;22.50
1563;8;1;13/2/20;0:57;22.50
1608;10;1;13/2/20;1:02;22.50
1608;10;1;13/2/20;1:07;22.50
1575;10;1;13/2/20;1:12;22.50
1617;11;1;13/2/20;1:17;22.50
1818;9;4;13/2/20;1:22;22.50
1404;9;0;13/2/20;1:27;22.25
1371;9;0;13/2/20;1:32;22.50
1560;6;1;13/2/20;1:37;22.50
1560;7;2;13/2/20;1:42;22.25
1425;7;2;13/2/20;1:47;22.25
1407;6;1;13/2/20;1:52;22.25
1626;10;1;13/2/20;1:57;22.25
1656;9;1;13/2/20;2:02;22.25
1524;14;0;13/2/20;2:07;22.25
1524;14;0;13/2/20;2:12;22.25
1476;9;2;13/2/20;2:17;22.25
1476;9;2;13/2/20;2:22;22.25
1479;17;2;13/2/20;2:27;22.25
1479;17;2;13/2/20;2:32;22.25
1458;2;1;13/2/20;2:37;22.25
1458;2;1;13/2/20;2:42;22.25
1512;12;1;13/2/20;2:47;22.00
1482;13;1;13/2/20;2:52;22.00
1296;10;1;13/2/20;2:57;22.25
1296;10;1;13/2/20;3:02;22.25
1545;9;3;13/2/20;3:07;22.25
1545;9;3;13/2/20;3:12;22.25
1500;7;1;13/2/20;3:17;22.25
1500;7;1;13/2/20;3:22;22.00
1452;15;1;13/2/20;3:27;22.00
1512;17;1;13/2/20;3:32;22.00
1617;9;0;13/2/20;3:37;22.00
1617;9;0;13/2/20;3:42;22.00
1341;10;1;13/2/20;3:47;22.00
1341;10;1;13/2/20;3:52;22.00
1443;4;1;13/2/20;3:57;22.00
1473;4;1;13/2/20;4:02;22.00
1296;4;1;13/2/20;4:07;22.00
1296;4;1;13/2/20;4:12;22.00
1413;8;0;13/2/20;4:17;22.00
1416;9;0;13/2/20;4:22;22.00
1485;10;2;13/2/20;4:27;21.75
1485;10;2;13/2/20;4:32;22.00
1419;7;0;13/2/20;4:37;21.75
1419;7;0;13/2/20;4:42;22.00
1341;3;0;13/2/20;4:47;21.75
1353;3;0;13/2/20;4:52;22.00
1524;7;4;13/2/20;4:57;21.75
1524;7;4;13/2/20;5:02;21.75
1593;10;0;13/2/20;5:07;21.75
1593;10;0;13/2/20;5:12;21.75
1539;5;0;13/2/20;5:17;21.75
1539;5;0;13/2/20;5:22;21.75
1383;17;3;13/2/20;5:27;21.75
1383;17;3;13/2/20;5:32;21.75
1464;17;3;13/2/20;5:37;21.75
1464;17;3;13/2/20;5:42;21.75
1542;15;1;13/2/20;5:47;21.75
1542;15;1;13/2/20;5:52;21.75
1659;23;4;13/2/20;5:57;21.75
1683;20;3;13/2/20;6:02;21.50
1530;8;1;13/2/20;6:07;21.50
1521;8;1;13/2/20;6:12;21.75
1332;9;0;13/2/20;6:17;21.75
1332;6;0;13/2/20;6:22;21.50
1506;10;3;13/2/20;6:27;21.75
1506;10;3;13/2/20;6:32;21.75
1455;8;0;13/2/20;6:37;21.50
1455;8;0;13/2/20;6:42;21.50
1443;12;3;13/2/20;6:47;21.50
1443;12;3;13/2/20;6:52;21.50
1572;14;1;13/2/20;6:57;21.50
1530;12;2;13/2/20;7:02;21.75
1545;15;0;13/2/20;7:07;21.50
1545;15;0;13/2/20;7:12;21.50
1602;10;2;13/2/20;7:17;21.50
1575;10;2;13/2/20;7:22;21.50
1488;15;0;13/2/20;7:27;21.50
1488;15;0;13/2/20;7:32;21.75
1662;23;2;13/2/20;7:37;21.50
1662;23;2;13/2/20;7:42;21.50
1632;12;2;13/2/20;7:47;21.50
1632;12;2;13/2/20;7:52;21.50
1659;18;3;13/2/20;7:57;21.50
1659;18;3;13/2/20;8:02;21.50
1608;18;0;13/2/20;8:07;21.50
1608;18;0;13/2/20;8:12;21.50
1608;18;1;13/2/20;8:17;21.75
1689;20;1;13/2/20;8:22;21.50
1581;21;3;13/2/20;8:27;21.50
1650;26;3;13/2/20;8:32;21.50
1530;15;1;13/2/20;8:37;21.50
1530;15;1;13/2/20;8:42;21.25
1632;14;2;13/2/20;8:47;21.50
1632;14;2;13/2/20;8:52;21.50
1689;14;2;13/2/20;8:57;21.50
1689;14;2;13/2/20;9:02;21.50
1770;12;4;13/2/20;9:07;21.25
1770;12;4;13/2/20;9:12;21.50
1788;14;3;13/2/20;9:17;21.50
1752;12;3;13/2/20;9:22;21.50
1896;23;5;13/2/20;9:27;21.25
1896;22;5;13/2/20;9:32;21.25
1533;12;2;13/2/20;9:38;21.25
1548;13;2;13/2/20;9:43;21.50
1725;12;2;13/2/20;9:48;21.25
1725;12;2;13/2/20;9:53;21.50
1515;11;2;13/2/20;9:58;21.25
1452;13;1;13/2/20;10:03;21.25
1743;16;1;13/2/20;10:08;21.25
1743;16;1;13/2/20;10:13;21.25
1722;14;0;13/2/20;10:18;21.50
1695;10;0;13/2/20;10:23;21.50
1695;10;0;13/2/20;10:28;21.50
1770;13;3;13/2/20;10:33;21.50
1770;13;3;13/2/20;10:38;21.50
1758;7;1;13/2/20;10:43;21.50
1758;7;1;13/2/20;10:48;21.50
1923;10;0;13/2/20;10:53;21.50
1911;10;0;13/2/20;10:58;21.75
1920;20;3;13/2/20;11:03;21.75
1920;20;3;13/2/20;11:08;21.75
1695;20;0;13/2/20;11:13;21.75
1695;20;0;13/2/20;11:18;21.75
1638;11;4;13/2/20;11:23;21.75
1656;12;4;13/2/20;11:28;21.75
1830;16;1;13/2/20;11:33;21.75
1830;16;1;13/2/20;11:38;21.75
1797;17;2;13/2/20;11:43;21.75
1797;17;2;13/2/20;11:48;21.75
1671;26;4;13/2/20;11:53;21.75
1671;26;4;13/2/20;11:58;22.00
1614;8;1;13/2/20;12:03;21.75
1614;8;1;13/2/20;12:08;21.75
1557;8;0;13/2/20;12:13;21.75
1557;8;0;13/2/20;12:18;21.75
1311;8;1;13/2/20;12:23;22.00
1311;8;1;13/2/20;12:28;22.00
1518;12;5;13/2/20;12:33;22.00
1467;14;5;13/2/20;12:38;22.00
1389;7;0;13/2/20;12:43;22.00
1389;7;0;13/2/20;12:48;22.25
1044;5;0;13/2/20;12:53;23.00
1044;5;0;13/2/20;12:58;23.75
939;7;1;13/2/20;13:03;24.50
939;7;1;13/2/20;13:08;25.00
861;1;0;13/2/20;13:13;25.50
861;1;0;13/2/20;13:18;25.75
1026;7;0;13/2/20;13:23;26.00
1026;7;0;13/2/20;13:28;26.25
924;2;0;13/2/20;13:33;26.50
924;2;0;13/2/20;13:38;26.50
1002;3;2;13/2/20;13:43;26.75
1002;3;2;13/2/20;13:48;27.00
789;1;0;13/2/20;13:53;27.25
789;1;0;13/2/20;13:58;27.50
759;3;0;13/2/20;14:03;27.75
759;3;0;13/2/20;14:08;28.00
807;2;1;13/2/20;14:13;28.00
807;2;1;13/2/20;14:18;28.25
738;2;0;13/2/20;14:23;28.25
738;2;0;13/2/20;14:28;28.50
900;2;0;13/2/20;14:33;28.50
900;2;0;13/2/20;14:38;28.75
825;4;0;13/2/20;14:43;29.00
825;4;0;13/2/20;14:48;29.00
708;0;0;13/2/20;14:53;29.00
708;0;0;13/2/20;14:58;29.25
657;0;0;13/2/20;15:03;29.25
657;0;0;13/2/20;15:08;29.25
699;0;0;13/2/20;15:13;29.50
699;0;0;13/2/20;15:18;29.50
690;4;1;13/2/20;15:23;29.00
690;4;1;13/2/20;15:28;28.50
768;0;0;13/2/20;15:33;28.25
768;0;0;13/2/20;15:38;27.75
738;4;0;13/2/20;15:43;27.50
738;4;0;13/2/20;15:48;27.00
834;7;3;13/2/20;15:53;26.75
834;7;3;13/2/20;15:58;26.75
597;1;0;13/2/20;16:03;26.50
597;1;0;13/2/20;16:08;26.25
615;1;0;13/2/20;16:13;26.00
615;1;0;13/2/20;16:18;26.00
723;4;0;13/2/20;16:23;26.00
723;4;0;13/2/20;16:28;25.75
726;3;0;13/2/20;16:33;25.50
726;3;0;13/2/20;16:38;25.50
672;1;0;13/2/20;16:43;25.50
672;1;0;13/2/20;16:48;25.25
756;6;0;13/2/20;16:53;25.50
762;7;0;13/2/20;16:58;25.25
711;2;0;13/2/20;17:03;25.25
711;2;0;13/2/20;17:08;25.25
999;8;1;13/2/20;17:13;25.00
999;8;1;13/2/20;17:18;25.00
879;9;1;13/2/20;17:23;25.00
879;9;1;13/2/20;17:28;25.00
783;2;0;13/2/20;17:33;25.00
783;2;0;13/2/20;17:38;25.00
735;0;0;13/2/20;17:43;24.75
735;0;0;13/2/20;17:48;24.75
846;1;0;13/2/20;17:53;24.75
846;1;0;13/2/20;17:58;24.75
720;4;1;13/2/20;18:03;24.75
720;4;1;13/2/20;18:08;24.75
606;1;0;13/2/20;18:13;24.50
606;1;0;13/2/20;18:18;24.50
642;4;0;13/2/20;18:23;24.50
642;4;0;13/2/20;18:28;24.25
585;2;1;13/2/20;18:33;24.25
585;2;1;13/2/20;18:38;24.25
678;0;0;13/2/20;18:43;24.25
678;0;0;13/2/20;18:48;24.25
630;3;0;13/2/20;18:53;24.25
630;3;0;13/2/20;18:58;24.25
561;2;0;13/2/20;19:04;24.25
561;2;0;13/2/20;19:09;24.25
600;0;0;13/2/20;19:14;24.25
600;0;0;13/2/20;19:19;24.00
699;2;0;13/2/20;19:24;24.00
699;2;0;13/2/20;19:29;24.25
693;1;1;13/2/20;19:34;24.00
693;1;1;13/2/20;19:39;24.00
654;2;0;13/2/20;19:44;24.00
654;2;0;13/2/20;19:49;24.00
699;1;0;13/2/20;19:54;24.00
699;1;0;13/2/20;19:59;24.00
819;4;0;13/2/20;20:04;24.00
819;4;0;13/2/20;20:09;24.00
657;1;0;13/2/20;20:14;24.00
657;1;0;13/2/20;20:19;24.00
744;4;1;13/2/20;20:24;23.75
744;4;1;13/2/20;20:29;24.00
741;1;0;13/2/20;20:34;24.00
741;1;0;13/2/20;20:39;23.75
819;3;0;13/2/20;20:44;23.75
819;3;0;13/2/20;20:49;23.75
657;3;0;13/2/20;20:54;23.75
657;3;0;13/2/20;20:59;23.75
735;4;0;13/2/20;21:04;23.75
735;4;0;13/2/20;21:09;23.75
699;1;0;13/2/20;21:14;23.75
699;1;0;13/2/20;21:19;23.75
900;2;0;13/2/20;21:24;23.75
900;2;0;13/2/20;21:29;23.50
744;3;0;13/2/20;21:34;23.50
744;3;0;13/2/20;21:39;23.50
825;2;0;13/2/20;21:44;23.50
825;2;0;13/2/20;21:49;23.50
861;2;1;13/2/20;21:54;23.25
852;1;0;13/2/20;21:59;23.50
888;2;0;13/2/20;22:04;23.25
831;1;0;13/2/20;22:09;23.25
1005;1;0;13/2/20;22:14;23.25
1002;1;0;13/2/20;22:19;23.25
945;3;1;13/2/20;22:24;23.25
936;4;2;13/2/20;22:29;23.25
1005;4;1;13/2/20;22:34;23.25
933;4;1;13/2/20;22:39;23.00
1032;5;1;13/2/20;22:44;23.00
1053;6;1;13/2/20;22:49;23.00
1011;4;1;13/2/20;22:54;23.00
1011;4;1;13/2/20;22:59;23.00
1125;2;0;13/2/20;23:04;23.00
1125;2;0;13/2/20;23:09;22.75
1092;5;1;13/2/20;23:14;23.00
1092;5;1;13/2/20;23:19;22.75
1047;1;0;13/2/20;23:24;22.75
1047;1;0;13/2/20;23:29;22.75
1101;3;1;13/2/20;23:34;22.75
1101;3;1;13/2/20;23:39;22.75
1080;8;1;13/2/20;23:44;22.75
1080;8;1;13/2/20;23:49;22.75
1188;5;0;13/2/20;23:54;22.75
1188;5;0;13/2/20;23:59;22.75
1029;8;1;14/2/20;0:04;22.50
1029;8;1;14/2/20;0:09;22.75
966;0;0;14/2/20;0:14;22.75
966;0;0;14/2/20;0:19;22.50
921;2;0;14/2/20;0:24;22.50
912;2;0;14/2/20;0:29;22.50
1182;3;0;14/2/20;0:34;22.50
1149;3;0;14/2/20;0:39;22.50
1032;3;1;14/2/20;0:44;22.50
1032;3;1;14/2/20;0:49;22.50
1095;7;0;14/2/20;0:54;22.50
1095;7;0;14/2/20;0:59;22.25
1068;3;0;14/2/20;1:04;22.25
1068;3;0;14/2/20;1:09;22.25
1029;2;0;14/2/20;1:14;22.25
1029;2;0;14/2/20;1:19;22.25
987;2;0;14/2/20;1:24;22.25
987;2;0;14/2/20;1:29;22.25
1029;0;0;14/2/20;1:34;22.25
1029;0;0;14/2/20;1:39;22.25
834;1;0;14/2/20;1:44;22.00
834;1;0;14/2/20;1:49;22.25
1077;2;0;14/2/20;1:54;22.00
1077;2;0;14/2/20;1:59;22.00
1077;2;0;14/2/20;2:04;22.00
849;3;0;14/2/20;2:09;22.00
1047;6;2;14/2/20;2:14;22.25
909;0;0;14/2/20;2:19;22.00
909;0;0;14/2/20;2:24;22.00
999;1;0;14/2/20;2:29;22.00
999;1;0;14/2/20;2:34;21.75
1104;2;0;14/2/20;2:39;21.75
1104;2;0;14/2/20;2:44;22.00
1119;6;1;14/2/20;2:49;21.75
1119;6;1;14/2/20;2:54;21.75
1146;4;0;14/2/20;2:59;21.75
1146;4;0;14/2/20;3:04;21.75
1038;4;1;14/2/20;3:10;21.75
1038;4;1;14/2/20;3:15;21.75
1194;5;0;14/2/20;3:20;21.75
1194;5;0;14/2/20;3:25;21.75
1113;5;1;14/2/20;3:30;21.75
1113;5;1;14/2/20;3:35;21.75
1206;6;1;14/2/20;3:40;21.75
1206;6;1;14/2/20;3:45;21.75
1173;2;0;14/2/20;3:50;21.75
1173;2;0;14/2/20;3:55;21.75
1128;10;2;14/2/20;4:00;21.75
1128;10;2;14/2/20;4:05;21.75
1071;2;1;14/2/20;4:10;21.75
1071;2;1;14/2/20;4:15;21.75
1206;2;1;14/2/20;4:20;21.75
1206;2;1;14/2/20;4:25;21.75
1224;3;0;14/2/20;4:30;21.75
1224;3;0;14/2/20;4:35;21.75
1317;1;0;14/2/20;4:40;21.75
1317;1;0;14/2/20;4:45;21.75
1323;10;1;14/2/20;4:50;21.75
1323;10;1;14/2/20;4:55;21.75
1242;3;0;14/2/20;5:00;21.75
1242;3;0;14/2/20;5:05;21.75
1257;8;0;14/2/20;5:10;21.75
1257;8;0;14/2/20;5:15;21.50
1314;5;0;14/2/20;5:20;21.75
1266;5;0;14/2/20;5:25;21.50
1311;5;1;14/2/20;5:30;21.75
1311;5;1;14/2/20;5:35;21.75
1239;3;0;14/2/20;5:40;21.75
1260;3;0;14/2/20;5:45;21.75
1224;6;1;14/2/20;5:50;21.50
1224;6;1;14/2/20;5:55;21.75
1386;3;0;14/2/20;6:00;21.50
1413;3;0;14/2/20;6:05;21.50
1359;13;1;14/2/20;6:10;21.50
1359;13;1;14/2/20;6:15;21.50
1536;8;0;14/2/20;6:20;21.50
1536;8;0;14/2/20;6:25;21.50
1431;9;1;14/2/20;6:30;21.50
1401;10;2;14/2/20;6:35;21.50
1401;5;0;14/2/20;6:40;21.50
1401;5;0;14/2/20;6:45;21.50
1545;10;2;14/2/20;6:50;21.50
1524;7;2;14/2/20;6:55;21.50
1509;16;2;14/2/20;7:00;21.50
1509;16;2;14/2/20;7:05;21.50
1515;11;2;14/2/20;7:10;21.25
1515;11;2;14/2/20;7:15;21.25
1668;5;1;14/2/20;7:20;21.25
1668;5;1;14/2/20;7:25;21.25
1599;7;3;14/2/20;7:30;21.25
1599;7;3;14/2/20;7:35;21.25
1611;5;1;14/2/20;7:40;21.25
1653;6;1;14/2/20;7:45;21.25
1620;11;2;14/2/20;7:50;21.25
1620;11;2;14/2/20;7:55;21.25
1662;10;4;14/2/20;8:00;21.25
1734;12;4;14/2/20;8:05;21.25
1680;9;1;14/2/20;8:10;21.25
1689;9;1;14/2/20;8:15;21.25
1701;18;4;14/2/20;8:20;21.25
1701;18;4;14/2/20;8:25;21.25
1773;4;0;14/2/20;8:30;21.25
1773;4;0;14/2/20;8:35;21.25
1674;8;1;14/2/20;8:40;21.25
1674;8;1;14/2/20;8:45;21.25
1782;8;3;14/2/20;8:50;21.25
1782;8;3;14/2/20;8:55;21.25
1572;7;1;14/2/20;9:00;21.00
1605;7;2;14/2/20;9:05;21.25
1851;18;1;14/2/20;9:10;21.25
1851;18;1;14/2/20;9:15;21.25
1563;15;0;14/2/20;9:20;21.25
1563;15;0;14/2/20;9:25;21.25
1707;3;0;14/2/20;9:30;21.25
1707;3;0;14/2/20;9:35;21.25
1515;13;0;14/2/20;9:40;21.25
1515;13;0;14/2/20;9:45;21.25
1674;11;0;14/2/20;9:50;21.00
1716;11;0;14/2/20;9:55;21.25
1638;10;0;14/2/20;10:00;21.00
1602;10;0;14/2/20;10:05;21.25
1695;6;2;14/2/20;10:10;21.00
1722;6;2;14/2/20;10:15;21.00
1743;13;3;14/2/20;10:20;21.25
1743;13;3;14/2/20;10:25;21.25
1860;16;3;14/2/20;10:30;21.25
1902;16;2;14/2/20;10:35;21.25
1908;15;2;14/2/20;10:40;21.25
1908;15;2;14/2/20;10:45;21.25
1692;8;0;14/2/20;10:50;21.25
1692;8;0;14/2/20;10:55;21.25
1716;3;0;14/2/20;11:00;21.50
1767;3;1;14/2/20;11:05;21.50
1596;9;1;14/2/20;11:10;21.50
1596;9;1;14/2/20;11:15;21.50
1896;11;1;14/2/20;11:20;21.50
1896;11;1;14/2/20;11:25;21.50
1908;11;1;14/2/20;11:30;21.75
1938;11;1;14/2/20;11:35;21.75
1515;7;1;14/2/20;11:40;22.25
1464;7;1;14/2/20;11:45;23.25
1395;5;0;14/2/20;11:50;23.50
1395;5;0;14/2/20;11:55;24.00
1398;1;0;14/2/20;12:00;24.50
1398;1;0;14/2/20;12:05;24.75
1320;2;0;14/2/20;12:10;25.25
1320;2;0;14/2/20;12:15;25.50
1203;3;1;14/2/20;12:20;25.75
1203;3;1;14/2/20;12:25;25.75
1308;1;0;14/2/20;12:31;26.00
1314;1;0;14/2/20;12:36;26.25
1236;2;0;14/2/20;12:41;26.25
1164;3;1;14/2/20;12:46;26.50
1245;3;1;14/2/20;12:51;26.75
1203;3;1;14/2/20;12:56;27.00
1347;5;2;14/2/20;13:01;27.00
1308;6;3;14/2/20;13:06;27.25
1380;1;0;14/2/20;13:11;27.50
1341;2;0;14/2/20;13:16;27.75
1284;1;0;14/2/20;13:21;27.75
1236;2;0;14/2/20;13:26;28.00
1266;2;0;14/2/20;13:31;28.00
1188;2;0;14/2/20;13:36;28.00
1242;2;0;14/2/20;13:41;28.25
1206;2;0;14/2/20;13:46;28.50
1269;1;0;14/2/20;13:51;28.75
1269;1;0;14/2/20;13:56;29.00
1026;1;0;14/2/20;14:01;29.00
1026;1;0;14/2/20;14:06;29.00
1053;0;0;14/2/20;14:11;29.00
1053;0;0;14/2/20;14:16;29.25
1149;3;2;14/2/20;14:21;29.25
1149;3;2;14/2/20;14:26;29.25
1065;2;0;14/2/20;14:31;29.50
1065;2;0;14/2/20;14:36;29.50
1047;1;0;14/2/20;14:41;29.50
1047;1;0;14/2/20;14:46;29.75
1134;2;0;14/2/20;14:51;29.75
1134;2;0;14/2/20;14:56;29.75
1029;2;0;14/2/20;15:01;29.75
1029;2;0;14/2/20;15:06;30.00
1074;2;0;14/2/20;15:11;30.00
1074;2;0;14/2/20;15:16;30.00
954;2;0;14/2/20;15:21;30.00
954;2;0;14/2/20;15:26;30.25
1281;4;0;14/2/20;15:31;30.25
1281;4;0;14/2/20;15:36;30.25
1206;1;0;14/2/20;15:41;30.00
1206;1;0;14/2/20;15:46;29.50
1173;4;1;14/2/20;15:51;29.00
1173;4;1;14/2/20;15:56;28.50
1314;3;1;14/2/20;16:01;28.25
1314;3;1;14/2/20;16:06;27.75
1317;2;1;14/2/20;16:11;27.50
1317;2;1;14/2/20;16:16;27.25
1353;7;0;14/2/20;16:21;27.00
1311;7;0;14/2/20;16:26;27.00
1491;5;0;14/2/20;16:31;27.00
1485;5;0;14/2/20;16:36;26.75
1482;1;0;14/2/20;16:41;26.50
1464;1;0;14/2/20;16:46;26.25
1293;6;0;14/2/20;16:51;26.25
1293;6;0;14/2/20;16:56;26.25
1344;5;0;14/2/20;17:01;26.00
1344;5;0;14/2/20;17:06;26.00
1545;5;2;14/2/20;17:11;26.00
1545;5;2;14/2/20;17:16;25.75
1509;5;3;14/2/20;17:21;25.75
1509;5;3;14/2/20;17:26;25.75
1419;1;0;14/2/20;17:31;25.50
1419;1;0;14/2/20;17:36;25.50
1620;4;1;14/2/20;17:41;25.50
1533;4;1;14/2/20;17:46;25.25
1653;4;1;14/2/20;17:51;25.25
1656;3;1;14/2/20;17:56;25.25
1695;0;0;14/2/20;18:01;25.25
1695;0;0;14/2/20;18:06;25.00
1746;5;2;14/2/20;18:11;25.00
1746;5;2;14/2/20;18:16;25.00
1653;6;0;14/2/20;18:21;25.00
1653;6;0;14/2/20;18:26;25.00
1830;1;0;14/2/20;18:31;24.75
1830;1;0;14/2/20;18:36;24.75
1626;13;2;14/2/20;18:41;24.75
1641;12;2;14/2/20;18:46;24.75
1770;5;3;14/2/20;18:51;24.75
1722;5;3;14/2/20;18:56;24.75
1629;1;0;14/2/20;19:01;24.75
1629;1;0;14/2/20;19:06;24.50
1530;1;0;14/2/20;19:11;24.50
1530;1;0;14/2/20;19:16;24.50
1779;10;1;14/2/20;19:21;24.50
1779;10;1;14/2/20;19:26;24.50
1806;8;1;14/2/20;19:31;24.50
1806;8;1;14/2/20;19:36;24.50
1686;2;0;14/2/20;19:41;24.50
1686;2;0;14/2/20;19:46;24.25
1476;3;0;14/2/20;19:51;24.50
1524;3;0;14/2/20;19:56;24.25
1725;6;1;14/2/20;20:01;24.25
1686;3;1;14/2/20;20:06;24.25
1869;10;3;14/2/20;20:11;24.25
1785;9;2;14/2/20;20:16;24.25
1632;3;0;14/2/20;20:21;24.25
1632;3;0;14/2/20;20:26;24.25
1632;13;4;14/2/20;20:31;24.25
1713;13;4;14/2/20;20:36;24.25
1764;4;1;14/2/20;20:41;24.25
1764;4;1;14/2/20;20:46;24.00
1911;0;0;14/2/20;20:51;24.00
1911;0;0;14/2/20;20:56;24.00
1671;6;2;14/2/20;21:01;24.00
1671;6;2;14/2/20;21:06;24.00
1833;10;1;14/2/20;21:11;24.00
1833;10;1;14/2/20;21:16;23.75
1824;5;0;14/2/20;21:21;23.75
1824;5;0;14/2/20;21:26;23.75
1749;8;0;14/2/20;21:31;23.75
1749;8;0;14/2/20;21:36;23.75
2061;5;0;14/2/20;21:41;23.50
2046;5;0;14/2/20;21:46;23.50
1863;5;2;14/2/20;21:51;23.50
1863;5;2;14/2/20;21:56;23.50
1845;6;2;14/2/20;22:01;23.50
1884;3;1;14/2/20;22:06;23.25
2100;4;0;14/2/20;22:11;23.25
2100;4;0;14/2/20;22:16;23.25
1914;10;0;14/2/20;22:21;23.25
1914;10;0;14/2/20;22:26;23.25
1920;11;2;14/2/20;22:32;23.25
1920;11;2;14/2/20;22:37;23.25
2181;11;3;14/2/20;22:42;23.25
2181;11;3;14/2/20;22:47;23.00
2250;9;0;14/2/20;22:52;23.00
2250;9;0;14/2/20;22:57;23.00
2172;5;1;14/2/20;23:02;23.00
2172;5;1;14/2/20;23:07;23.00
2337;12;2;14/2/20;23:12;23.00
2343;12;2;14/2/20;23:17;23.00
2496;16;3;14/2/20;23:22;23.00
2496;16;3;14/2/20;23:27;22.75
2634;9;0;14/2/20;23:32;22.75
2634;9;0;14/2/20;23:37;22.75
2256;8;2;14/2/20;23:42;22.75
2256;8;2;14/2/20;23:47;22.75
2445;12;1;14/2/20;23:52;23.00
2445;12;1;14/2/20;23:57;22.75
2427;8;1;15/2/20;0:02;22.75
2427;8;1;15/2/20;0:07;22.75
2793;10;1;15/2/20;0:12;22.75
2793;10;1;15/2/20;0:17;22.75
2577;9;1;15/2/20;0:22;22.75
2577;9;1;15/2/20;0:27;22.75
2568;18;2;15/2/20;0:32;22.75
2568;18;2;15/2/20;0:37;22.75
2817;23;0;15/2/20;0:42;22.75
2739;20;0;15/2/20;0:47;22.75
2616;8;0;15/2/20;0:52;22.75
2616;8;0;15/2/20;0:57;22.75
2520;8;1;15/2/20;1:02;22.75
2520;8;1;15/2/20;1:07;22.75
2652;12;1;15/2/20;1:12;22.50
2661;10;1;15/2/20;1:17;22.50
2466;3;3;15/2/20;1:22;22.50
2466;3;3;15/2/20;1:27;22.50
2949;7;1;15/2/20;1:32;22.50
2949;7;1;15/2/20;1:37;22.50
2640;19;4;15/2/20;1:42;22.50
2580;18;4;15/2/20;1:47;22.50
2679;11;2;15/2/20;1:52;22.50
2679;11;2;15/2/20;1:57;22.50
2502;13;2;15/2/20;2:02;22.50
2553;15;1;15/2/20;2:07;22.50
2493;12;2;15/2/20;2:12;22.25
2493;12;2;15/2/20;2:17;22.50
3090;7;0;15/2/20;2:22;22.25
3090;7;0;15/2/20;2:27;22.25
2553;14;0;15/2/20;2:32;22.25
2565;15;0;15/2/20;2:37;22.25
2475;14;0;15/2/20;2:42;22.25
2475;14;0;15/2/20;2:47;22.25
2517;8;2;15/2/20;2:52;22.25
2517;8;2;15/2/20;2:57;22.25
2466;8;4;15/2/20;3:02;22.25
2460;7;4;15/2/20;3:07;22.00
2445;8;1;15/2/20;3:12;22.25
2454;11;1;15/2/20;3:17;22.00
2421;12;2;15/2/20;3:22;22.00
2424;14;1;15/2/20;3:27;22.00
2343;6;1;15/2/20;3:32;22.00
2322;5;1;15/2/20;3:37;22.00
2478;12;1;15/2/20;3:42;22.00
2478;12;1;15/2/20;3:47;22.00
2193;2;0;15/2/20;3:52;22.00
2193;2;0;15/2/20;3:57;22.00
2304;10;1;15/2/20;4:02;22.00
2304;10;1;15/2/20;4:07;22.00
2505;14;0;15/2/20;4:12;22.00
2505;14;0;15/2/20;4:17;22.00
2235;4;0;15/2/20;4:22;21.75
2235;4;0;15/2/20;4:27;22.00
2220;8;0;15/2/20;4:32;21.75
2220;8;0;15/2/20;4:37;22.00
2139;7;1;15/2/20;4:42;21.75
2175;6;1;15/2/20;4:47;22.00
2193;7;1;15/2/20;4:52;22.00
2184;7;1;15/2/20;4:57;21.75
2154;9;2;15/2/20;5:02;21.75
2154;9;2;15/2/20;5:07;21.75
2229;10;2;15/2/20;5:12;21.75
2205;10;2;15/2/20;5:17;21.75
2148;2;0;15/2/20;5:22;21.75
2079;2;0;15/2/20;5:27;21.75
2022;6;0;15/2/20;5:32;21.75
2022;6;0;15/2/20;5:37;21.75
2160;8;0;15/2/20;5:42;21.75
2160;8;0;15/2/20;5:47;21.75
2184;3;0;15/2/20;5:52;21.75
2184;3;0;15/2/20;5:57;21.75
2232;8;1;15/2/20;6:02;21.75
2232;8;1;15/2/20;6:07;21.75
2160;7;1;15/2/20;6:12;21.75
2298;3;0;15/2/20;6:17;21.50
2172;4;0;15/2/20;6:22;21.75
2160;8;0;15/2/20;6:27;21.75
2097;8;0;15/2/20;6:32;21.50
2103;10;0;15/2/20;6:37;21.75
2109;10;0;15/2/20;6:42;21.50
2043;10;0;15/2/20;6:47;21.50
2070;13;0;15/2/20;6:52;21.50
2127;11;1;15/2/20;6:57;21.50
2127;11;1;15/2/20;7:02;21.50
1965;12;2;15/2/20;7:07;21.50
1965;12;2;15/2/20;7:12;21.50
1824;7;0;15/2/20;7:17;21.75
1824;7;0;15/2/20;7:22;21.50
2043;10;3;15/2/20;7:27;21.50
1992;11;4;15/2/20;7:32;21.50
2037;7;0;15/2/20;7:37;21.50
2052;7;0;15/2/20;7:42;21.50
1740;4;0;15/2/20;7:47;21.25
1740;4;0;15/2/20;7:52;21.50
1710;3;0;15/2/20;7:57;21.25
1761;2;0;15/2/20;8:02;21.25
2145;4;1;15/2/20;8:07;21.25
2076;4;1;15/2/20;8:12;21.25
1950;5;0;15/2/20;8:17;21.25
1950;5;0;15/2/20;8:22;21.25
1875;9;0;15/2/20;8:27;21.25
1875;9;0;15/2/20;8:32;21.25
1821;11;0;15/2/20;8:38;21.00
1821;11;0;15/2/20;8:43;21.25
1929;9;1;15/2/20;8:48;21.25
1929;9;1;15/2/20;8:53;21.25
1872;8;1;15/2/20;8:58;21.25
1872;8;1;15/2/20;9:03;21.00
1764;6;0;15/2/20;9:08;21.25
1743;3;0;15/2/20;9:13;21.25
1917;14;2;15/2/20;9:18;21.25
1917;14;2;15/2/20;9:23;21.25
1908;8;2;15/2/20;9:28;21.25
1908;8;2;15/2/20;9:33;21.25
1788;8;1;15/2/20;9:38;21.25
1788;8;1;15/2/20;9:43;21.00
1782;5;1;15/2/20;9:48;21.25
1782;5;1;15/2/20;9:53;21.25
1545;1;1;15/2/20;9:58;21.00
1545;1;1;15/2/20;10:03;21.25
1818;13;1;15/2/20;10:08;21.25
1818;13;1;15/2/20;10:13;21.25
1875;2;0;15/2/20;10:18;21.00
1875;2;0;15/2/20;10:23;21.25
1848;12;2;15/2/20;10:28;21.00
1848;12;2;15/2/20;10:33;21.00
1815;13;0;15/2/20;10:38;21.00
1815;13;0;15/2/20;10:43;21.00
2016;10;0;15/2/20;10:48;21.00
1998;11;0;15/2/20;10:53;21.00
2079;8;2;15/2/20;10:58;21.00
2079;8;2;15/2/20;11:03;21.00
2316;8;6;15/2/20;11:08;21.25
2316;8;6;15/2/20;11:13;21.00
2043;8;1;15/2/20;11:18;21.00
2043;8;1;15/2/20;11:23;21.00
2118;6;3;15/2/20;11:28;21.00
2118;6;3;15/2/20;11:33;21.00
2196;10;1;15/2/20;11:38;21.00
2196;10;1;15/2/20;11:43;21.00
2298;10;2;15/2/20;11:48;21.00
2298;10;2;15/2/20;11:53;21.00
2319;8;1;15/2/20;11:58;21.00
2319;8;1;15/2/20;12:03;21.00
2193;6;0;15/2/20;12:08;21.00
2244;7;0;15/2/20;12:13;21.00
2361;6;3;15/2/20;12:18;21.00
2361;6;3;15/2/20;12:23;21.00
2220;14;4;15/2/20;12:28;21.00
2220;14;4;15/2/20;12:33;21.00
2235;9;0;15/2/20;12:38;21.00
2328;8;0;15/2/20;12:43;21.00
2310;11;1;15/2/20;12:48;21.00
2310;11;1;15/2/20;12:53;21.00
2238;15;0;15/2/20;12:58;21.00
2238;15;0;15/2/20;13:03;21.00
1911;5;0;15/2/20;13:08;21.00
1929;5;0;15/2/20;13:13;21.00
1998;9;2;15/2/20;13:18;21.00
1998;9;2;15/2/20;13:23;21.00
1923;5;1;15/2/20;13:28;21.00
1923;5;1;15/2/20;13:33;21.00
1842;10;0;15/2/20;13:38;21.00
1842;10;0;15/2/20;13:43;21.00
1740;11;1;15/2/20;13:48;21.00
1740;11;1;15/2/20;13:53;21.00
1896;3;0;15/2/20;13:58;21.00
1896;3;0;15/2/20;14:03;21.00
1767;4;2;15/2/20;14:08;21.00
1863;3;2;15/2/20;14:13;21.00
1560;5;0;15/2/20;14:18;21.00
1587;5;0;15/2/20;14:23;21.00
1821;10;1;15/2/20;14:28;21.00
1821;10;1;15/2/20;14:33;21.00
1845;4;1;15/2/20;14:38;21.25
1845;4;1;15/2/20;14:43;21.25
1719;11;1;15/2/20;14:48;21.00
1719;11;1;15/2/20;14:53;21.00
1680;10;2;15/2/20;14:58;21.00
1692;8;2;15/2/20;15:03;21.00
1779;8;0;15/2/20;15:08;21.00
1779;8;0;15/2/20;15:13;21.00
1707;8;0;15/2/20;15:18;21.25
1743;7;0;15/2/20;15:23;21.00
1590;4;1;15/2/20;15:28;21.00
1590;4;1;15/2/20;15:33;21.25
1593;7;3;15/2/20;15:38;21.00
1593;7;3;15/2/20;15:43;21.25
1659;6;0;15/2/20;15:48;21.00
1659;6;0;15/2/20;15:53;21.00
1656;2;0;15/2/20;15:58;21.00
1626;2;0;15/2/20;16:03;21.00
1335;2;0;15/2/20;16:08;21.00
1335;2;0;15/2/20;16:13;21.00
1215;3;0;15/2/20;16:18;21.00
1215;3;0;15/2/20;16:23;21.00
1281;10;1;15/2/20;16:28;21.25
1275;9;1;15/2/20;16:33;21.00
1281;2;0;15/2/20;16:38;21.00
1281;2;0;15/2/20;16:43;21.00
1152;7;0;15/2/20;16:48;21.00
1152;7;0;15/2/20;16:53;21.00
1179;6;1;15/2/20;16:58;21.00
1179;6;1;15/2/20;17:03;21.00
1146;2;0;15/2/20;17:08;21.00
1140;2;0;15/2/20;17:13;21.00
960;4;1;15/2/20;17:18;21.00
960;4;1;15/2/20;17:23;21.00
1071;5;0;15/2/20;17:28;21.00
1071;5;0;15/2/20;17:33;21.00
1155;2;0;15/2/20;17:38;21.00
1152;2;0;15/2/20;17:43;21.00
1005;5;1;15/2/20;17:48;21.00
1005;5;1;15/2/20;17:53;21.00
1011;6;1;15/2/20;17:58;21.00
1011;6;1;15/2/20;18:03;21.00
1059;3;0;15/2/20;18:08;21.00
975;3;0;15/2/20;18:13;21.00
990;2;1;15/2/20;18:18;21.00
990;2;1;15/2/20;18:23;21.00
822;1;0;15/2/20;18:28;21.00
822;1;0;15/2/20;18:33;21.00
1041;2;0;15/2/20;18:38;21.00
1014;2;0;15/2/20;18:43;21.00
1155;4;1;15/2/20;18:49;21.00
1155;4;1;15/2/20;18:54;21.00
948;1;0;15/2/20;18:59;21.00
948;1;0;15/2/20;19:04;21.00
1044;6;0;15/2/20;19:09;21.00
1071;6;0;15/2/20;19:14;21.00
1092;3;0;15/2/20;19:19;21.00
1092;3;0;15/2/20;19:24;21.00
1089;9;2;15/2/20;19:29;21.00
1089;9;2;15/2/20;19:34;21.00
1224;1;0;15/2/20;19:39;21.00
1245;2;0;15/2/20;19:44;21.00
1086;4;1;15/2/20;19:49;20.75
1086;4;1;15/2/20;19:54;21.00
1197;14;3;15/2/20;19:59;21.00
1146;13;3;15/2/20;20:04;20.75
1329;0;0;15/2/20;20:09;21.00
1329;0;0;15/2/20;20:14;21.00
1293;3;0;15/2/20;20:19;20.75
1293;3;0;15/2/20;20:24;20.75
1473;6;0;15/2/20;20:29;20.75
1473;6;0;15/2/20;20:34;20.75
1488;10;1;15/2/20;20:39;21.00
1488;10;1;15/2/20;20:44;21.00
1332;7;1;15/2/20;20:49;21.00
1332;7;1;15/2/20;20:54;20.75
1530;6;1;15/2/20;20:59;21.00
1566;10;2;15/2/20;21:04;21.00
1437;7;0;15/2/20;21:09;21.00
1437;7;0;15/2/20;21:14;20.75
1617;3;1;15/2/20;21:19;20.75
1617;3;1;15/2/20;21:24;21.00
1551;5;0;15/2/20;21:29;20.75
1512;5;1;15/2/20;21:34;21.00
1512;8;2;15/2/20;21:39;20.75
1512;8;2;15/2/20;21:44;20.75
1527;9;1;15/2/20;21:49;20.75
1527;9;1;15/2/20;21:54;20.75
1485;3;0;15/2/20;21:59;20.75
1521;3;0;15/2/20;22:04;20.75
1686;10;1;15/2/20;22:09;20.75
1686;10;1;15/2/20;22:14;21.00
1656;9;1;15/2/20;22:19;20.75
1650;5;1;15/2/20;22:24;20.75
1926;5;1;15/2/20;22:29;20.75
1926;5;1;15/2/20;22:34;20.75
1740;5;1;15/2/20;22:39;20.75
1740;5;1;15/2/20;22:44;20.75
1908;4;1;15/2/20;22:49;20.75
1899;9;1;15/2/20;22:54;20.75
1896;8;1;15/2/20;22:59;20.75
1896;8;1;15/2/20;23:04;20.75
2118;5;0;15/2/20;23:09;20.75
2118;5;0;15/2/20;23:14;20.75
2058;10;2;15/2/20;23:19;20.75
2058;10;2;15/2/20;23:24;20.75
2115;7;2;15/2/20;23:29;20.75
2115;7;2;15/2/20;23:34;20.75
2193;5;1;15/2/20;23:39;20.75
2172;6;1;15/2/20;23:44;20.75
2076;5;0;15/2/20;23:49;20.75
2076;5;0;15/2/20;23:54;20.75
2376;16;0;15/2/20;23:59;20.75
2376;16;0;16/2/20;0:04;20.75
2337;4;1;16/2/20;0:09;20.75
2337;3;1;16/2/20;0:14;20.75
2355;4;2;16/2/20;0:19;20.75
2355;4;2;16/2/20;0:24;20.75
2316;11;0;16/2/20;0:29;20.75
2316;7;0;16/2/20;0:34;20.75
2382;5;0;16/2/20;0:39;20.50
2376;4;0;16/2/20;0:44;20.75
2388;17;6;16/2/20;0:49;20.75
2388;17;6;16/2/20;0:54;20.75
2508;7;1;16/2/20;0:59;20.75
2508;7;1;16/2/20;1:04;20.75
2538;7;1;16/2/20;1:09;20.75
2565;9;1;16/2/20;1:14;20.75
2433;17;2;16/2/20;1:19;20.75
2433;17;2;16/2/20;1:24;20.50
2421;8;0;16/2/20;1:29;20.50
2421;8;0;16/2/20;1:34;20.50
2364;6;2;16/2/20;1:39;20.50
2337;6;2;16/2/20;1:44;20.50
2643;11;0;16/2/20;1:49;20.50
2643;11;0;16/2/20;1:54;20.50
2799;7;0;16/2/20;1:59;20.50
2799;7;0;16/2/20;2:04;20.75
2400;10;2;16/2/20;2:09;20.50
2400;10;2;16/2/20;2:14;20.50
2460;8;1;16/2/20;2:19;20.50
2460;8;1;16/2/20;2:24;20.50
2706;18;2;16/2/20;2:29;20.50
2706;18;2;16/2/20;2:34;20.50
2544;12;2;16/2/20;2:39;20.50
2571;12;2;16/2/20;2:44;20.50
2484;14;0;16/2/20;2:49;20.50
2484;14;0;16/2/20;2:54;20.50
2370;14;0;16/2/20;2:59;20.50
2370;14;0;16/2/20;3:04;20.50
2571;8;1;16/2/20;3:09;20.50
2535;10;1;16/2/20;3:14;20.50
2562;9;0;16/2/20;3:19;20.50
2520;9;0;16/2/20;3:24;20.50
2553;6;0;16/2/20;3:29;20.50
2553;6;0;16/2/20;3:34;20.50
2280;8;0;16/2/20;3:39;20.50
2316;8;0;16/2/20;3:44;20.50
2385;8;2;16/2/20;3:49;20.50
2385;8;2;16/2/20;3:54;20.50
2595;12;3;16/2/20;3:59;20.50
2658;9;2;16/2/20;4:04;20.50
2211;4;1;16/2/20;4:09;20.50
2211;4;1;16/2/20;4:14;20.50
2193;8;0;16/2/20;4:20;20.50
2193;8;0;16/2/20;4:25;20.50
2280;8;2;16/2/20;4:30;20.50
2280;8;2;16/2/20;4:35;20.50
2427;9;2;16/2/20;4:40;20.50
2427;9;2;16/2/20;4:45;20.50
2349;3;0;16/2/20;4:50;20.50
2349;3;0;16/2/20;4:55;20.50
2178;13;0;16/2/20;5:00;20.25
2178;13;0;16/2/20;5:05;20.25
2199;8;1;16/2/20;5:10;20.50
2202;8;1;16/2/20;5:15;20.25
2094;14;0;16/2/20;5:20;20.50
2127;14;0;16/2/20;5:25;20.50
2232;12;3;16/2/20;5:30;20.25
2172;11;2;16/2/20;5:35;20.25
2172;10;3;16/2/20;5:40;20.50
2145;11;3;16/2/20;5:45;20.25
2280;10;1;16/2/20;5:50;20.25
2280;10;1;16/2/20;5:55;20.25
2154;8;0;16/2/20;6:00;20.25
2154;8;0;16/2/20;6:05;20.25
2043;7;1;16/2/20;6:10;20.25
2112;8;1;16/2/20;6:15;20.25
2277;20;2;16/2/20;6:20;20.25
2277;20;2;16/2/20;6:25;20.25
2043;3;0;16/2/20;6:30;20.25
2043;3;0;16/2/20;6:35;20.25
2316;4;0;16/2/20;6:40;20.25
2343;4;0;16/2/20;6:45;20.25
2151;4;1;16/2/20;6:50;20.25
2151;4;1;16/2/20;6:55;20.25
2229;3;0;16/2/20;7:00;20.25
2229;3;0;16/2/20;7:05;20.25
2049;6;1;16/2/20;7:10;20.25
2067;6;1;16/2/20;7:15;20.25
2148;17;5;16/2/20;7:20;20.25
2148;17;5;16/2/20;7:25;20.00
2241;4;2;16/2/20;7:30;20.25
2241;4;2;16/2/20;7:35;20.25
2139;8;1;16/2/20;7:40;20.00
2139;8;1;16/2/20;7:45;20.25
2211;2;0;16/2/20;7:50;20.25
2172;2;0;16/2/20;7:55;20.00
1956;10;0;16/2/20;8:00;20.00
1992;16;0;16/2/20;8:05;20.00
2109;2;0;16/2/20;8:10;20.00
2109;2;0;16/2/20;8:15;20.00
2103;7;1;16/2/20;8:20;20.00
2103;7;1;16/2/20;8:25;20.00
2205;12;3;16/2/20;8:30;20.00
2256;11;3;16/2/20;8:35;20.00
2139;1;0;16/2/20;8:40;20.00
2139;1;0;16/2/20;8:45;20.00
2139;11;0;16/2/20;8:50;20.00
2145;14;0;16/2/20;8:55;20.00
2214;5;1;16/2/20;9:00;20.00
2214;5;1;16/2/20;9:05;20.00
2157;8;1;16/2/20;9:10;20.00
2193;8;1;16/2/20;9:15;20.00
2181;9;3;16/2/20;9:20;20.00
2181;9;3;16/2/20;9:25;20.00
2088;2;0;16/2/20;9:30;20.00
2088;2;0;16/2/20;9:35;20.00
2268;14;1;16/2/20;9:40;20.00
2268;14;1;16/2/20;9:45;20.00
2544;13;0;16/2/20;9:50;20.00
2544;13;0;16/2/20;9:55;20.00
2472;12;1;16/2/20;10:00;19.75
2472;12;1;16/2/20;10:05;20.00
2625;13;1;16/2/20;10:10;20.00
2625;13;1;16/2/20;10:15;20.00
2502;10;1;16/2/20;10:20;20.00
2502;10;1;16/2/20;10:25;20.00
2757;8;1;16/2/20;10:30;19.75
2757;8;1;16/2/20;10:35;20.00
2559;9;1;16/2/20;10:40;19.75
2592;12;2;16/2/20;10:45;19.75
2664;14;1;16/2/20;10:50;19.75
2664;14;1;16/2/20;10:55;20.00
2622;19;4;16/2/20;11:00;20.00
2628;19;4;16/2/20;11:05;20.00
2706;13;1;16/2/20;11:10;19.75
2733;13;1;16/2/20;11:15;19.75
2523;14;0;16/2/20;11:20;19.75
2457;13;0;16/2/20;11:25;19.75
2508;12;1;16/2/20;11:30;19.75
2508;12;1;16/2/20;11:35;19.75
2496;16;1;16/2/20;11:40;19.75
2496;16;1;16/2/20;11:45;19.75
2214;8;3;16/2/20;11:50;19.75
2214;8;3;16/2/20;11:55;20.00
2238;9;0;16/2/20;12:00;20.00
2238;9;0;16/2/20;12:05;19.75
2391;15;1;16/2/20;12:10;19.75
2391;15;1;16/2/20;12:15;19.75
2118;7;4;16/2/20;12:20;20.00
2118;7;4;16/2/20;12:25;19.75
2175;10;1;16/2/20;12:30;20.00
2187;10;1;16/2/20;12:35;19.75
2058;8;1;16/2/20;12:40;19.75
2058;8;1;16/2/20;12:45;20.00
2337;13;1;16/2/20;12:50;19.75
2238;10;0;16/2/20;12:55;19.75
2295;11;0;16/2/20;13:00;19.75
2295;11;0;16/2/20;13:05;20.00
1839;4;1;16/2/20;13:10;19.75
1740;4;1;16/2/20;13:15;20.00
1884;9;0;16/2/20;13:20;20.00
1884;9;0;16/2/20;13:25;20.00
1929;13;3;16/2/20;13:30;19.75
1929;13;3;16/2/20;13:35;20.00
1830;9;2;16/2/20;13:41;20.00
1830;9;2;16/2/20;13:46;20.00
1848;8;1;16/2/20;13:51;20.00
1848;8;1;16/2/20;13:56;20.00
1560;25;1;16/2/20;14:01;20.00
1560;25;1;16/2/20;14:06;20.00
1548;4;0;16/2/20;14:11;20.00
1548;4;0;16/2/20;14:16;20.00
1575;3;0;16/2/20;14:21;20.00
1575;3;0;16/2/20;14:26;20.00
1404;3;0;16/2/20;14:31;20.00
1347;3;0;16/2/20;14:36;20.00
1443;4;0;16/2/20;14:41;20.00
1443;4;0;16/2/20;14:46;20.00
1554;10;1;16/2/20;14:51;20.00
1554;10;1;16/2/20;14:56;20.00
1380;14;7;16/2/20;15:01;20.00
1371;9;4;16/2/20;15:06;20.00
1476;5;2;16/2/20;15:11;20.00
1476;5;2;16/2/20;15:16;20.00
1659;4;0;16/2/20;15:21;20.00
1659;4;0;16/2/20;15:26;20.00
1554;4;0;16/2/20;15:31;20.00
1554;4;0;16/2/20;15:36;20.00
1293;5;2;16/2/20;15:41;20.25
1293;5;2;16/2/20;15:46;20.25
1452;10;2;16/2/20;15:51;20.00
1524;9;2;16/2/20;15:56;20.00
1554;7;0;16/2/20;16:01;20.25
1554;7;0;16/2/20;16:06;20.00
1404;5;0;16/2/20;16:11;20.25
1461;5;0;16/2/20;16:16;20.00
1677;4;0;16/2/20;16:21;20.25
1677;4;0;16/2/20;16:26;20.00
1329;3;1;16/2/20;16:31;20.25
1329;3;1;16/2/20;16:36;20.25
1287;5;1;16/2/20;16:41;20.00
1308;5;1;16/2/20;16:46;20.00
1329;12;1;16/2/20;16:51;20.00
1329;12;1;16/2/20;16:56;20.25
1230;2;1;16/2/20;17:01;20.00
1230;2;1;16/2/20;17:06;20.00
1182;1;0;16/2/20;17:11;20.00
1224;1;0;16/2/20;17:16;20.25
1152;6;0;16/2/20;17:21;20.00
1152;6;0;16/2/20;17:26;20.00
969;5;2;16/2/20;17:31;20.00
969;5;2;16/2/20;17:36;20.00
999;2;1;16/2/20;17:41;20.25
1014;2;1;16/2/20;17:46;20.00
990;7;1;16/2/20;17:51;20.00
990;7;1;16/2/20;17:56;20.00
870;3;0;16/2/20;18:01;20.00
870;3;0;16/2/20;18:06;20.00
1068;1;0;16/2/20;18:11;20.25
1074;1;0;16/2/20;18:16;20.00
903;2;0;16/2/20;18:21;20.00
903;2;0;16/2/20;18:26;20.00
723;1;1;16/2/20;18:31;20.00
723;1;1;16/2/20;18:36;20.00
843;5;1;16/2/20;18:41;20.00
870;5;1;16/2/20;18:46;20.00
894;1;0;16/2/20;18:51;20.00
894;1;0;16/2/20;18:56;20.00
783;4;0;16/2/20;19:01;20.00
783;4;0;16/2/20;19:06;20.00
732;3;0;16/2/20;19:11;20.00
732;3;0;16/2/20;19:16;20.00
879;2;2;16/2/20;19:21;20.00
879;2;2;16/2/20;19:26;20.00
783;1;0;16/2/20;19:31;20.00
783;1;0;16/2/20;19:36;20.00
957;3;1;16/2/20;19:41;20.00
942;3;1;16/2/20;19:46;20.00
777;1;0;16/2/20;19:51;20.00
777;1;0;16/2/20;19:56;20.00
798;3;1;16/2/20;20:01;20.00
798;3;1;16/2/20;20:06;20.00
789;2;0;16/2/20;20:11;20.25
822;7;1;16/2/20;20:16;20.00
807;1;0;16/2/20;20:21;20.00
807;1;0;16/2/20;20:26;20.00
840;3;1;16/2/20;20:31;20.00
840;3;1;16/2/20;20:36;20.00
972;2;0;16/2/20;20:41;20.00
930;2;0;16/2/20;20:46;20.00
897;7;1;16/2/20;20:51;20.00
897;7;1;16/2/20;20:56;20.00
855;1;0;16/2/20;21:01;20.00
855;1;0;16/2/20;21:06;20.00
915;2;1;16/2/20;21:11;20.00
894;2;1;16/2/20;21:16;20.00
1089;7;0;16/2/20;21:21;20.00
1089;7;0;16/2/20;21:26;20.00
1188;7;0;16/2/20;21:31;20.00
1188;7;0;16/2/20;21:36;20.00
1152;7;1;16/2/20;21:41;20.00
1158;7;1;16/2/20;21:46;20.00
1236;4;0;16/2/20;21:51;20.00
1245;4;0;16/2/20;21:56;20.00
1197;4;2;16/2/20;22:01;20.00
1197;4;2;16/2/20;22:06;20.25
1266;3;2;16/2/20;22:11;20.25
1266;3;2;16/2/20;22:16;20.00
1128;5;0;16/2/20;22:21;20.00
1128;6;0;16/2/20;22:26;20.00
1185;3;1;16/2/20;22:31;20.00
1185;3;1;16/2/20;22:36;20.00
1299;6;1;16/2/20;22:41;20.00
1299;6;1;16/2/20;22:46;20.00
1074;6;0;16/2/20;22:51;20.00
1074;6;0;16/2/20;22:56;20.00
1224;7;2;16/2/20;23:01;20.00
1230;2;1;16/2/20;23:06;20.00
1158;9;0;16/2/20;23:11;20.00
1158;9;0;16/2/20;23:16;20.00
1302;4;1;16/2/20;23:21;20.00
1302;4;1;16/2/20;23:26;20.00
1149;4;1;16/2/20;23:31;20.00
1149;4;1;16/2/20;23:36;20.25
1263;4;1;16/2/20;23:41;20.00
1263;4;1;16/2/20;23:46;20.00
1107;3;0;16/2/20;23:51;20.00
1092;6;0;16/2/20;23:56;20.00
1059;2;0;17/2/20;0:01;20.00
1059;2;0;17/2/20;0:06;20.00
1233;5;2;17/2/20;0:11;20.00
1233;5;2;17/2/20;0:16;20.00
1233;0;0;17/2/20;0:21;20.00
1143;0;0;17/2/20;0:26;20.00
1203;9;1;17/2/20;0:31;20.00
1203;9;1;17/2/20;0:36;20.00
1278;2;0;17/2/20;0:42;20.00
1278;2;0;17/2/20;0:47;20.00
1194;5;1;17/2/20;0:52;20.00
1194;5;1;17/2/20;0:57;20.00
1383;8;3;17/2/20;1:02;20.00
1383;8;3;17/2/20;1:07;20.00
1113;6;0;17/2/20;1:12;20.00
1143;6;0;17/2/20;1:17;20.00
1161;4;1;17/2/20;1:22;20.00
1161;4;1;17/2/20;1:27;20.00
1131;1;0;17/2/20;1:32;19.75
1131;1;0;17/2/20;1:37;20.00
1266;1;0;17/2/20;1:42;20.00
1317;2;0;17/2/20;1:47;20.00
1185;4;0;17/2/20;1:52;20.00
1185;4;0;17/2/20;1:57;20.00
1059;5;0;17/2/20;2:02;20.00
1059;5;0;17/2/20;2:07;20.00
1320;3;0;17/2/20;2:12;20.00
1320;3;0;17/2/20;2:17;20.00
1107;1;0;17/2/20;2:22;19.75
1107;1;0;17/2/20;2:27;20.00
1233;7;0;17/2/20;2:32;20.00
1233;7;0;17/2/20;2:37;20.00
1269;4;1;17/2/20;2:42;20.00
1269;4;1;17/2/20;2:47;20.00
1131;2;0;17/2/20;2:52;19.75
1131;2;0;17/2/20;2:57;20.00
1041;1;1;17/2/20;3:02;20.00
1041;1;1;17/2/20;3:07;19.75
1026;5;0;17/2/20;3:12;20.00
1035;5;0;17/2/20;3:17;20.00
1125;7;2;17/2/20;3:22;20.00
1125;7;2;17/2/20;3:27;19.75
1089;6;1;17/2/20;3:32;20.00
1089;6;1;17/2/20;3:37;19.75
1245;7;0;17/2/20;3:42;19.75
1278;9;0;17/2/20;3:47;19.75
1116;3;0;17/2/20;3:52;19.75
1116;3;0;17/2/20;3:57;19.75
1146;2;0;17/2/20;4:02;19.75
1146;2;0;17/2/20;4:07;19.75
1044;3;1;17/2/20;4:12;19.75
1044;3;1;17/2/20;4:17;19.75
1014;2;1;17/2/20;4:22;19.75
984;2;1;17/2/20;4:27;19.75
1047;2;0;17/2/20;4:32;19.75
1047;2;0;17/2/20;4:37;19.75
975;1;1;17/2/20;4:42;19.75
975;1;1;17/2/20;4:47;19.75
1011;2;0;17/2/20;4:52;19.75
1053;2;0;17/2/20;4:57;19.75
987;5;1;17/2/20;5:02;19.75
987;5;1;17/2/20;5:07;19.75
888;4;0;17/2/20;5:12;19.75
888;4;0;17/2/20;5:17;19.75
867;2;0;17/2/20;5:22;19.75
831;2;1;17/2/20;5:27;19.75
930;7;0;17/2/20;5:32;19.75
930;7;0;17/2/20;5:37;19.75
822;2;1;17/2/20;5:42;19.75
822;2;1;17/2/20;5:47;19.75
993;1;0;17/2/20;5:52;19.75
981;1;0;17/2/20;5:57;19.75
954;1;0;17/2/20;6:02;19.75
954;1;0;17/2/20;6:07;19.75
969;4;0;17/2/20;6:12;19.75
969;4;0;17/2/20;6:17;19.75
1017;6;0;17/2/20;6:22;19.75
984;5;0;17/2/20;6:27;19.75
1008;5;0;17/2/20;6:32;19.75
1008;5;0;17/2/20;6:37;19.75
957;2;0;17/2/20;6:42;19.75
957;2;0;17/2/20;6:47;19.75
1032;4;0;17/2/20;6:52;19.75
1032;4;0;17/2/20;6:57;19.50
930;6;0;17/2/20;7:02;19.75
930;6;0;17/2/20;7:07;19.75
1197;4;1;17/2/20;7:12;19.75
1197;4;1;17/2/20;7:17;19.75
1224;3;0;17/2/20;7:22;19.75
1215;2;0;17/2/20;7:27;19.75
1116;1;0;17/2/20;7:32;19.75
1116;1;0;17/2/20;7:37;19.75
1104;6;0;17/2/20;7:42;19.75
1104;6;0;17/2/20;7:47;19.75
984;3;0;17/2/20;7:52;19.75
1050;4;0;17/2/20;7:57;19.75
1161;0;0;17/2/20;8:02;19.75
1161;0;0;17/2/20;8:07;19.75
978;1;0;17/2/20;8:12;19.75
978;1;0;17/2/20;8:17;19.75
993;4;0;17/2/20;8:22;19.75
984;3;0;17/2/20;8:27;19.50
990;10;3;17/2/20;8:32;19.75
987;9;2;17/2/20;8:37;19.75
909;1;0;17/2/20;8:42;19.50
909;1;0;17/2/20;8:47;19.75
783;0;0;17/2/20;8:52;19.75
783;0;0;17/2/20;8:57;19.75
900;5;1;17/2/20;9:02;19.75
879;5;1;17/2/20;9:07;19.75
921;6;0;17/2/20;9:12;19.50
921;6;0;17/2/20;9:17;19.50
864;3;0;17/2/20;9:22;19.50
864;3;0;17/2/20;9:27;19.50
813;0;0;17/2/20;9:32;19.50
765;0;0;17/2/20;9:37;19.50
786;0;0;17/2/20;9:42;19.50
786;0;0;17/2/20;9:47;19.50
840;6;3;17/2/20;9:52;19.50
840;6;3;17/2/20;9:57;19.75
1035;5;4;17/2/20;10:02;19.75
972;5;4;17/2/20;10:07;19.75
1062;3;1;17/2/20;10:12;19.75
1062;3;1;17/2/20;10:17;19.75
1047;7;2;17/2/20;10:22;19.75
1047;7;2;17/2/20;10:27;20.00
996;8;0;17/2/20;10:32;20.00
918;11;0;17/2/20;10:37;20.00
1125;1;1;17/2/20;10:42;20.00
1125;1;1;17/2/20;10:47;20.00
1092;10;2;17/2/20;10:52;20.00
1092;10;2;17/2/20;10:57;20.00
1011;5;1;17/2/20;11:02;20.00
1017;5;1;17/2/20;11:07;20.00
894;3;0;17/2/20;11:12;20.00
894;3;0;17/2/20;11:17;20.00
2301;3;0;17/2/20;11:22;20.25
2343;3;0;17/2/20;11:27;20.25
1749;2;0;17/2/20;11:32;20.75
1749;2;0;17/2/20;11:37;21.50
1362;5;1;17/2/20;11:42;22.00
1362;5;1;17/2/20;11:47;22.50
1323;2;0;17/2/20;11:52;22.75
1353;2;0;17/2/20;11:57;23.25
1317;5;2;17/2/20;12:02;23.50
1329;3;3;17/2/20;12:07;23.75
1149;2;1;17/2/20;12:13;24.25
1224;2;1;17/2/20;12:18;24.25
1062;2;0;17/2/20;12:23;24.75
1029;1;0;17/2/20;12:28;24.75
1011;2;0;17/2/20;12:33;25.25
1011;2;0;17/2/20;12:38;25.50
960;0;0;17/2/20;12:43;25.75
960;0;0;17/2/20;12:48;26.00
987;3;0;17/2/20;12:53;26.50
987;3;0;17/2/20;12:58;26.50
1050;0;0;17/2/20;13:03;26.75
1050;0;0;17/2/20;13:08;26.50
846;3;1;17/2/20;13:13;26.75
846;3;1;17/2/20;13:18;27.00
819;0;0;17/2/20;13:23;27.25
819;0;0;17/2/20;13:28;27.25
795;3;0;17/2/20;13:33;27.50
795;3;0;17/2/20;13:38;27.75
825;3;0;17/2/20;13:43;27.75
825;3;0;17/2/20;13:48;28.00
795;0;0;17/2/20;13:53;28.00
795;0;0;17/2/20;13:58;28.25
747;0;0;17/2/20;14:03;28.25
747;0;0;17/2/20;14:08;28.25
759;1;0;17/2/20;14:13;28.50
759;1;0;17/2/20;14:18;28.50
711;0;0;17/2/20;14:23;28.25
711;0;0;17/2/20;14:28;28.50
765;3;1;17/2/20;14:33;28.25
765;3;1;17/2/20;14:38;28.50
825;2;1;17/2/20;14:43;28.50
825;2;1;17/2/20;14:48;28.25
645;0;0;17/2/20;14:53;28.25
645;0;0;17/2/20;14:58;28.25
705;1;0;17/2/20;15:03;28.00
705;1;0;17/2/20;15:08;27.75
942;1;0;17/2/20;15:13;27.25
942;1;0;17/2/20;15:18;26.75
855;2;0;17/2/20;15:23;26.50
855;2;0;17/2/20;15:28;26.25
762;2;1;17/2/20;15:33;26.00
762;2;1;17/2/20;15:38;25.75
819;2;0;17/2/20;15:43;25.50
819;2;0;17/2/20;15:48;25.50
789;3;0;17/2/20;15:53;25.25
789;3;0;17/2/20;15:58;25.25
888;3;1;17/2/20;16:03;25.00
888;3;1;17/2/20;16:08;24.75
870;0;0;17/2/20;16:13;24.75
870;0;0;17/2/20;16:18;24.75
870;5;0;17/2/20;16:23;24.50
870;5;0;17/2/20;16:28;24.50
681;4;1;17/2/20;16:33;24.50
681;4;1;17/2/20;16:38;24.25
708;3;0;17/2/20;16:43;24.25
708;3;0;17/2/20;16:48;24.25
762;0;0;17/2/20;16:53;24.00
762;0;0;17/2/20;16:58;24.00
819;1;0;17/2/20;17:03;24.00
819;1;0;17/2/20;17:08;24.00
657;1;0;17/2/20;17:13;24.00
657;1;0;17/2/20;17:18;23.75
753;0;0;17/2/20;17:23;23.75
753;0;0;17/2/20;17:28;23.75
702;4;0;17/2/20;17:33;23.75
702;4;0;17/2/20;17:38;23.75
732;1;0;17/2/20;17:43;23.75
732;1;0;17/2/20;17:48;23.75
729;0;0;17/2/20;17:53;23.50
729;0;0;17/2/20;17:58;23.75
651;1;0;17/2/20;18:03;23.50
651;1;0;17/2/20;18:08;23.50
702;2;1;17/2/20;18:13;23.50
702;2;1;17/2/20;18:18;23.50
681;3;0;17/2/20;18:23;23.50
681;3;0;17/2/20;18:28;23.25
573;3;1;17/2/20;18:33;23.25
573;3;1;17/2/20;18:38;23.25
624;1;0;17/2/20;18:43;23.25
624;1;0;17/2/20;18:48;23.25
660;0;0;17/2/20;18:53;23.00
660;0;0;17/2/20;18:58;23.25
609;4;1;17/2/20;19:03;23.00
609;4;1;17/2/20;19:08;23.25
660;0;0;17/2/20;19:13;23.00
660;0;0;17/2/20;19:18;23.25
582;3;1;17/2/20;19:23;23.25
582;3;1;17/2/20;19:28;23.25
639;3;0;17/2/20;19:33;23.25
639;3;0;17/2/20;19:38;23.25
489;2;1;17/2/20;19:43;23.25
489;2;1;17/2/20;19:48;23.25
549;0;0;17/2/20;19:53;23.50
549;0;0;17/2/20;19:58;23.50
549;3;1;17/2/20;20:03;23.50
549;3;1;17/2/20;20:08;23.25
606;2;2;17/2/20;20:13;23.50
606;2;2;17/2/20;20:18;23.50
666;3;1;17/2/20;20:23;23.25
666;3;1;17/2/20;20:28;23.25
705;1;0;17/2/20;20:33;23.50
705;1;0;17/2/20;20:38;23.50
978;2;0;17/2/20;20:43;23.50
978;2;0;17/2/20;20:48;23.50
1044;3;1;17/2/20;20:54;23.25
1044;3;1;17/2/20;20:59;23.25
1134;1;0;17/2/20;21:04;23.50
1134;1;0;17/2/20;21:09;23.75
1038;2;0;17/2/20;21:14;23.50
1119;2;0;17/2/20;21:19;23.50
1122;4;1;17/2/20;21:24;23.50
1068;5;1;17/2/20;21:29;23.50
1167;2;1;17/2/20;21:34;23.50
1212;3;2;17/2/20;21:39;23.50
1233;8;2;17/2/20;21:44;23.50
1206;5;1;17/2/20;21:49;23.25
1257;3;0;17/2/20;21:54;23.25
1278;3;0;17/2/20;21:59;23.25
1191;2;1;17/2/20;22:04;23.25
1188;2;1;17/2/20;22:09;23.00
1188;5;0;17/2/20;22:14;23.00
1188;5;0;17/2/20;22:19;22.75
1227;6;1;17/2/20;22:24;23.00
1227;6;1;17/2/20;22:29;22.75
1308;3;0;17/2/20;22:34;22.75
1308;3;0;17/2/20;22:39;22.75
1071;0;0;17/2/20;22:44;22.75
1071;0;0;17/2/20;22:49;22.75
1062;2;0;17/2/20;22:54;22.75
1062;2;0;17/2/20;22:59;22.50
1155;5;2;17/2/20;23:04;22.50
1155;5;2;17/2/20;23:09;22.50
1128;2;0;17/2/20;23:14;22.50
1128;2;0;17/2/20;23:19;22.50
1023;2;0;17/2/20;23:24;22.50
1023;2;0;17/2/20;23:29;22.50
828;1;0;17/2/20;23:34;22.25
828;1;0;17/2/20;23:39;22.25
918;3;0;17/2/20;23:44;22.25
918;3;0;17/2/20;23:49;22.25
912;2;0;17/2/20;23:54;22.25
912;2;0;17/2/20;23:59;22.25
1116;3;0;18/2/20;0:04;22.25
1116;3;0;18/2/20;0:09;22.25
930;1;0;18/2/20;0:14;22.25
930;1;0;18/2/20;0:19;22.00
957;2;0;18/2/20;0:24;22.00
957;2;0;18/2/20;0:29;22.25
756;2;0;18/2/20;0:34;22.25
756;2;0;18/2/20;0:39;22.00
876;2;0;18/2/20;0:44;22.00
876;2;0;18/2/20;0:49;22.00
816;1;0;18/2/20;0:54;22.00
816;1;0;18/2/20;0:59;22.00
894;2;1;18/2/20;1:04;22.00
894;2;1;18/2/20;1:09;22.00
843;1;0;18/2/20;1:14;22.00
843;1;0;18/2/20;1:19;21.75
798;2;1;18/2/20;1:24;21.75
798;2;1;18/2/20;1:29;21.75
666;4;0;18/2/20;1:34;21.75
666;4;0;18/2/20;1:39;21.75
669;3;0;18/2/20;1:44;21.75
663;4;0;18/2/20;1:49;21.75
747;5;2;18/2/20;1:54;21.75
747;5;2;18/2/20;1:59;21.75
720;2;0;18/2/20;2:04;21.50
720;2;0;18/2/20;2:09;21.75
657;1;0;18/2/20;2:14;21.75
657;1;0;18/2/20;2:19;21.75
642;0;0;18/2/20;2:24;21.75
642;0;0;18/2/20;2:29;21.50
597;0;0;18/2/20;2:34;21.50
597;0;0;18/2/20;2:39;21.75
537;2;0;18/2/20;2:44;21.50
537;2;0;18/2/20;2:49;21.50
567;2;1;18/2/20;2:54;21.50
567;2;1;18/2/20;2:59;21.50
489;3;0;18/2/20;3:04;21.50
525;3;0;18/2/20;3:09;21.50
441;1;0;18/2/20;3:14;21.50
441;1;0;18/2/20;3:19;21.50
441;2;0;18/2/20;3:24;21.50
441;2;0;18/2/20;3:29;21.50
501;0;0;18/2/20;3:34;21.50
501;0;0;18/2/20;3:39;21.50
438;0;0;18/2/20;3:44;21.50
438;0;0;18/2/20;3:49;21.50
363;0;0;18/2/20;3:54;21.50
363;0;0;18/2/20;3:59;21.50
390;0;0;18/2/20;4:04;21.25
390;0;0;18/2/20;4:09;21.25
411;0;0;18/2/20;4:14;21.25
411;0;0;18/2/20;4:19;21.25
318;2;0;18/2/20;4:24;21.25
318;2;0;18/2/20;4:29;21.25
384;1;0;18/2/20;4:34;21.25
384;1;0;18/2/20;4:39;21.25
360;0;0;18/2/20;4:45;21.25
360;0;0;18/2/20;4:50;21.25
303;1;0;18/2/20;4:55;21.25
303;1;0;18/2/20;5:00;21.25
363;0;0;18/2/20;5:05;21.25
363;0;0;18/2/20;5:10;21.25
306;1;0;18/2/20;5:15;21.00
306;1;0;18/2/20;5:20;21.25
207;1;0;18/2/20;5:25;21.25
207;1;0;18/2/20;5:30;21.00
384;1;0;18/2/20;5:35;21.25
384;1;0;18/2/20;5:40;21.00
243;1;1;18/2/20;5:45;21.25
243;1;1;18/2/20;5:50;21.00
267;0;0;18/2/20;5:55;21.00
267;0;0;18/2/20;6:00;21.00
252;0;0;18/2/20;6:05;21.00
252;0;0;18/2/20;6:10;21.00
282;0;0;18/2/20;6:15;21.00
282;0;0;18/2/20;6:20;21.00
201;0;0;18/2/20;6:25;21.00
201;0;0;18/2/20;6:30;21.00
306;3;1;18/2/20;6:35;21.00
306;3;1;18/2/20;6:40;21.00
312;1;0;18/2/20;6:45;21.00
312;1;0;18/2/20;6:50;21.00
255;1;0;18/2/20;6:55;21.00
255;1;0;18/2/20;7:00;21.00
222;0;0;18/2/20;7:05;20.75
222;0;0;18/2/20;7:10;21.00
207;1;0;18/2/20;7:15;20.75
207;1;0;18/2/20;7:20;21.00
351;0;0;18/2/20;7:25;20.75
351;0;0;18/2/20;7:30;20.75
285;0;0;18/2/20;7:35;20.75
285;0;0;18/2/20;7:40;20.75
342;1;0;18/2/20;7:45;21.00
342;1;0;18/2/20;7:50;20.75
435;4;1;18/2/20;7:55;20.75
402;4;1;18/2/20;8:00;20.75
312;0;0;18/2/20;8:05;20.75
312;0;0;18/2/20;8:10;20.75
357;2;0;18/2/20;8:15;20.75
357;2;0;18/2/20;8:20;20.75
291;0;0;18/2/20;8:25;20.75
258;0;0;18/2/20;8:30;20.75
300;1;0;18/2/20;8:35;20.75
300;1;0;18/2/20;8:40;20.75
342;0;0;18/2/20;8:45;20.75
342;0;0;18/2/20;8:50;20.75
342;1;0;18/2/20;8:55;20.75
336;1;0;18/2/20;9:00;20.75
411;2;0;18/2/20;9:05;20.75
411;2;0;18/2/20;9:10;20.75
414;0;0;18/2/20;9:15;20.75
414;0;0;18/2/20;9:20;20.50
444;1;0;18/2/20;9:25;20.50
435;1;0;18/2/20;9:30;20.50
390;1;0;18/2/20;9:35;20.50
390;1;0;18/2/20;9:40;20.50
435;0;0;18/2/20;9:45;20.50
435;0;0;18/2/20;9:50;20.50
408;1;0;18/2/20;9:55;20.50
402;1;0;18/2/20;10:00;20.50
426;1;1;18/2/20;10:05;20.50
426;1;1;18/2/20;10:10;20.50
501;0;0;18/2/20;10:15;20.75
501;0;0;18/2/20;10:20;20.75
516;3;0;18/2/20;10:25;20.75
504;3;0;18/2/20;10:30;20.75
582;2;0;18/2/20;10:35;20.75
582;2;0;18/2/20;10:40;21.00
417;0;0;18/2/20;10:45;21.50
417;0;0;18/2/20;10:50;22.25
501;2;0;18/2/20;10:55;22.75
501;2;0;18/2/20;11:00;23.50
435;0;0;18/2/20;11:05;24.00
435;0;0;18/2/20;11:10;24.50
417;3;1;18/2/20;11:15;24.75
417;3;1;18/2/20;11:20;25.00
504;1;0;18/2/20;11:25;25.25
504;1;0;18/2/20;11:30;25.75
513;1;0;18/2/20;11:35;26.00
513;1;0;18/2/20;11:40;26.25
327;0;0;18/2/20;11:45;26.25
327;0;0;18/2/20;11:50;26.50
438;0;0;18/2/20;11:55;26.50
438;0;0;18/2/20;12:00;27.00
429;0;0;18/2/20;12:05;27.25
429;0;0;18/2/20;12:10;27.25
465;2;0;18/2/20;12:15;27.50
465;2;0;18/2/20;12:20;27.50
423;1;0;18/2/20;12:25;27.75
423;1;0;18/2/20;12:30;27.75
465;0;0;18/2/20;12:35;27.75
465;0;0;18/2/20;12:40;28.00
420;1;0;18/2/20;12:45;28.25
420;1;0;18/2/20;12:50;28.25
372;1;0;18/2/20;12:55;28.50
372;1;0;18/2/20;13:00;28.50
399;0;0;18/2/20;13:05;28.75
399;0;0;18/2/20;13:10;29.00
477;2;0;18/2/20;13:15;29.00
477;2;0;18/2/20;13:20;29.25
456;2;0;18/2/20;13:25;29.25
456;2;0;18/2/20;13:30;29.25
426;0;0;18/2/20;13:35;29.25
426;0;0;18/2/20;13:40;29.25
405;0;0;18/2/20;13:45;29.50
405;0;0;18/2/20;13:50;29.50
348;1;0;18/2/20;13:55;29.50
348;1;0;18/2/20;14:00;29.75
402;0;0;18/2/20;14:05;29.75
402;0;0;18/2/20;14:10;29.75
315;1;0;18/2/20;14:15;29.75
315;1;0;18/2/20;14:20;30.00
378;0;0;18/2/20;14:25;29.75
378;0;0;18/2/20;14:30;30.00
453;0;0;18/2/20;14:35;30.00
453;0;0;18/2/20;14:40;30.00
537;4;1;18/2/20;14:45;30.00
537;4;1;18/2/20;14:50;30.00
480;1;0;18/2/20;14:56;30.25
480;1;0;18/2/20;15:01;30.25
405;0;0;18/2/20;15:06;30.25
405;0;0;18/2/20;15:11;30.25
546;1;0;18/2/20;15:16;30.25
546;1;0;18/2/20;15:21;30.50
435;0;0;18/2/20;15:26;30.50
435;0;0;18/2/20;15:31;30.50
459;0;0;18/2/20;15:36;30.50
459;0;0;18/2/20;15:41;30.50
600;1;0;18/2/20;15:46;30.50
600;1;0;18/2/20;15:51;30.75
594;1;0;18/2/20;15:56;30.75
594;1;0;18/2/20;16:01;30.75
672;2;0;18/2/20;16:06;30.75
672;2;0;18/2/20;16:11;30.75
585;0;0;18/2/20;16:16;31.00
585;0;0;18/2/20;16:21;31.00
528;2;0;18/2/20;16:26;31.00
528;2;0;18/2/20;16:31;31.00
525;1;1;18/2/20;16:36;31.00
552;1;1;18/2/20;16:41;31.00
639;0;0;18/2/20;16:46;31.25